,id,text,text_compound,text_pos,text_neu,text_neg,text_sent,token_text
0,2022-04-18 10:53:11,RT Gem10000 Baby Doge tokens increase value listing top centralized exchanges like Binance Coinbase Baby Doges,0.7906,0.429,0.571,0.0,1,"['RT', 'Gem10000', 'Baby', 'Doge', 'token', 'increase', 'value', 'listing', 'top', 'centralized', 'exchange', 'like', 'Binance', 'Coinbase', 'Baby', 'Doges']"
1,2022-04-18 10:53:08,RT Youngfactor305 HAPPY EASTER DOGECOIN FAMILY LETS GO TO THE MOON  elonmusk SnoopDogg MattWalla,0.6633,0.254,0.746,0.0,1,"['RT', 'Youngfactor305', 'HAPPY', 'EASTER', 'DOGECOIN', 'FAMILY', 'LETS', 'GO', 'TO', 'THE', 'MOON', 'elonmusk', 'SnoopDogg', 'MattWalla']"
2,2022-04-18 10:53:08,Dog god god dog dog god god god dog doge god,0.8625,0.716,0.284,0.0,1,"['Dog', 'god', 'god', 'dog', 'dog', 'god', 'god', 'god', 'dog', 'doge', 'god']"
3,2022-04-18 10:53:06,ajmorales29512 Riooart asharipo00 amymadison BTDogeHyper StevenM333 Tang76353994 Ranokarno1 tribunal2694 BAKAR10 KriptoFY alienbnb Edward977877242 Eromski4 ilIests ValenHeart1485,0.0,0.0,1.0,0.0,0,"['ajmorales29512', 'Riooart', 'asharipo00', 'amymadison', 'BTDogeHyper', 'StevenM333', 'Tang76353994', 'Ranokarno1', 'tribunal2694', 'BAKAR10', 'KriptoFY', 'alienbnb', 'Edward977877242', 'Eromski4', 'ilIests', 'ValenHeart1485']"
4,2022-04-18 10:53:06,RT BabydogeCoin The Baby Doge Coin project entered top trending project Coingecko CoinMarketCap 2022 BabyDoge Ba,0.2023,0.107,0.893,0.0,1,"['RT', 'BabydogeCoin', 'The', 'Baby', 'Doge', 'Coin', 'project', 'entered', 'top', 'trending', 'project', 'Coingecko', 'CoinMarketCap', '2022', 'BabyDoge', 'Ba']"
5,2022-04-18 10:53:04,RT WholeMarsBlog pic bullish DOGE,0.0,0.0,1.0,0.0,0,"['RT', 'WholeMarsBlog', 'pic', 'bullish', 'DOGE']"
6,2022-04-18 10:53:01,f0kj I love dev marvelalmas DogeGoldFloki rogue8wave TejRa1989 cocuronft Dayqq4202260608 JUNEISFREE notBanksyeth Mrwwn84 noslime Gio5950210Gio PamelaJ74633957 NFTBoneHeadz mayc20302 ICElite AntonBernolak quarkcarbon,0.6369,0.181,0.819,0.0,1,"['f0kj', 'I', 'love', 'dev', 'marvelalmas', 'DogeGoldFloki', 'rogue8wave', 'TejRa1989', 'cocuronft', 'Dayqq4202260608', 'JUNEISFREE', 'notBanksyeth', 'Mrwwn84', 'noslime', 'Gio5950210Gio', 'PamelaJ74633957', 'NFTBoneHeadz', 'mayc20302', 'ICElite', 'AntonBernolak', 'quarkcarbon']"
7,2022-04-18 10:53:01,RT DogeAdventure DogeAdventure amp XProtocol jointly present Pet To Earn Round1 Portal httpstcoiYHncaouaK Catch doges b,0.0,0.0,1.0,0.0,0,"['RT', 'DogeAdventure', 'DogeAdventure', 'amp', 'XProtocol', 'jointly', 'present', 'Pet', 'To', 'Earn', 'Round1', 'Portal', 'httpstcoiYHncaouaK', 'Catch', 'doge', 'b']"
8,2022-04-18 10:52:52,Anthony144 JavohirKamolov Bluegard m4uroj udin543 dodoricetc FranklinKlrk WarDoge15 Gabriela7g35azj DouZhiDOGE bredettsowa zbug don5801392 ericpintoooo Moneynfts7 ramenku777 mif1304,0.0,0.0,1.0,0.0,0,"['Anthony144', 'JavohirKamolov', 'Bluegard', 'm4uroj', 'udin543', 'dodoricetc', 'FranklinKlrk', 'WarDoge15', 'Gabriela7g35azj', 'DouZhiDOGE', 'bredettsowa', 'zbug', 'don5801392', 'ericpintoooo', 'Moneynfts7', 'ramenku777', 'mif1304']"
9,2022-04-18 10:52:51,RT Elonwhale Elon musk support BabyDoge like support DOGE Do agree  Shiba Doge,0.8555,0.536,0.464,0.0,1,"['RT', 'Elonwhale', 'Elon', 'musk', 'support', 'BabyDoge', 'like', 'support', 'DOGE', 'Do', 'agree', 'Shiba', 'Doge']"
10,2022-04-18 10:52:46,Gold 200010000 per ounce beyond Monero 200010000 per coin beyond Doge ask Elon XMR DOGE PAXG XAU  httpstcoA87aiZWQbF,0.0,0.0,1.0,0.0,0,"['Gold', '200010000', 'per', 'ounce', 'beyond', 'Monero', '200010000', 'per', 'coin', 'beyond', 'Doge', 'ask', 'Elon', 'XMR', 'DOGE', 'PAXG', 'XAU', 'httpstcoA87aiZWQbF']"
11,2022-04-18 10:52:41,RT TheArabCrypto The next big meme Arabian Doge killing 4MMC huge potential boom no time doge dogecoin bsc APEEEEE,-0.6486,0.092,0.643,0.265,-1,"['RT', 'TheArabCrypto', 'The', 'next', 'big', 'meme', 'Arabian', 'Doge', 'killing', '4MMC', 'huge', 'potential', 'boom', 'time', 'doge', 'dogecoin', 'bsc', 'APEEEEE']"
12,2022-04-18 10:52:39,RT TheUnderDoge3 Goodnight everyone ready moooooooon DOGE ,0.3612,0.294,0.706,0.0,1,"['RT', 'TheUnderDoge3', 'Goodnight', 'everyone', 'ready', 'moooooooon', 'DOGE']"
13,2022-04-18 10:52:34,I told would retire age 30 I 32 Im 33 let tell its awesome Micheladas make days lot fun  bitcoinrich btc doge,0.8126,0.291,0.709,0.0,1,"['I', 'told', 'would', 'retire', 'age', '30', 'I', '32', 'Im', '33', 'let', 'tell', 'awesome', 'Micheladas', 'make', 'day', 'lot', 'fun', 'bitcoinrich', 'btc', 'doge']"
14,2022-04-18 10:52:32,RT babyhuskyinu IF YOU HAVE MISSED DOGE DONT MISS BHI  BABY HUSKY INU FAIR LAUNCH ON PINKSALE  Current Markets Soon Presale Pric,0.2701,0.186,0.705,0.109,1,"['RT', 'babyhuskyinu', 'IF', 'YOU', 'HAVE', 'MISSED', 'DOGE', 'DONT', 'MISS', 'BHI', 'BABY', 'HUSKY', 'INU', 'FAIR', 'LAUNCH', 'ON', 'PINKSALE', 'Current', 'Markets', 'Soon', 'Presale', 'Pric']"
15,2022-04-18 10:52:30,Goodnight everyone ready moooooooon DOGE ,0.3612,0.385,0.615,0.0,1,"['Goodnight', 'everyone', 'ready', 'moooooooon', 'DOGE']"
16,2022-04-18 10:52:30,RT CryptoMatt87 Scooped SANI dip SANININU httpstcoDKwyMbmkVI httpstcosXtuEltBTD httpstcowWQemBxIW6 DOG,0.0,0.0,1.0,0.0,0,"['RT', 'CryptoMatt87', 'Scooped', 'SANI', 'dip', 'SANININU', 'httpstcoDKwyMbmkVI', 'httpstcosXtuEltBTD', 'httpstcowWQemBxIW6', 'DOG']"
17,2022-04-18 10:52:27,RT WatcherGuru Crypto Prices One Year Ago Today Bitcoin 157279 Ethereum 24195 Cardano142 BNB 1022 VeChain 023,0.0,0.0,1.0,0.0,0,"['RT', 'WatcherGuru', 'Crypto', 'Prices', 'One', 'Year', 'Ago', 'Today', 'Bitcoin', '157279', 'Ethereum', '24195', 'Cardano142', 'BNB', '1022', 'VeChain', '023']"
18,2022-04-18 10:52:26,ZachRector7 BitboyCrypto HitNetwork 3TGMCrypto deezyBTC FrankieCandles noaty343 BCBacker RaoulGMI elonmusk meta metaverse btc eth doge shiba luna sol ada aave avax sand mana link crypto bnb xrp xlm cro ltc bch etc uni matic algo axs icp usdt vet hodl ftt moon theta atom hbar ftm gala cake qnt stocks tsla mstr defi nft cosmos spy qqq aapl httpstcoBKLFvlFFmd,0.0,0.0,1.0,0.0,0,"['ZachRector7', 'BitboyCrypto', 'HitNetwork', '3TGMCrypto', 'deezyBTC', 'FrankieCandles', 'noaty343', 'BCBacker', 'RaoulGMI', 'elonmusk', 'meta', 'metaverse', 'btc', 'eth', 'doge', 'shiba', 'luna', 'sol', 'ada', 'aave', 'avax', 'sand', 'mana', 'link', 'crypto', 'bnb', 'xrp', 'xlm', 'cro', 'ltc', 'bch', 'etc', 'uni', 'matic', 'algo', 'ax', 'icp', 'usdt', 'vet', 'hodl', 'ftt', 'moon', 'theta', 'atom', 'hbar', 'ftm', 'gala', 'cake', 'qnt', 'stock', 'tsla', 'mstr', 'defi', 'nft', 'cosmos', 'spy', 'qqq', 'aapl', 'httpstcoBKLFvlFFmd']"
19,2022-04-18 10:52:20,RT Elonwhale Elon musk support BabyDoge like support DOGE Do agree  Shiba Doge,0.8555,0.536,0.464,0.0,1,"['RT', 'Elonwhale', 'Elon', 'musk', 'support', 'BabyDoge', 'like', 'support', 'DOGE', 'Do', 'agree', 'Shiba', 'Doge']"
20,2022-04-18 10:52:20,BreakHeisenberg dntstpbuyingnft luisdoge Jani1969L Hi there Have heard KOMPETEgame Come give us visit know there Im sure youll love too  KOMPETE KMPT,0.7579,0.245,0.755,0.0,1,"['BreakHeisenberg', 'dntstpbuyingnft', 'luisdoge', 'Jani1969L', 'Hi', 'Have', 'heard', 'KOMPETEgame', 'Come', 'give', 'visit', 'know', 'Im', 'sure', 'youll', 'love', 'KOMPETE', 'KMPT']"
21,2022-04-18 10:52:19,RT benekcj elonmusk Happy Easter Our church FirstMiamiPres started accepting Doge today DogecoinToTheMoon httpstcodDd32iG9IR,0.743,0.344,0.656,0.0,1,"['RT', 'benekcj', 'elonmusk', 'Happy', 'Easter', 'Our', 'church', 'FirstMiamiPres', 'started', 'accepting', 'Doge', 'today', 'DogecoinToTheMoon', 'httpstcodDd32iG9IR']"
22,2022-04-18 10:52:16,Jhonattan Vegas Golf Swing RBC Heritage Leaderboard httpstcoet84EaxjsG YouTube golf pga trending pgatour florida tampa JhonattanVegas Elite5 ETH Ripple gems iKON P2E doge BotOfDogecoin OnlyFansSupport onlyfans BBCA10 shiba UkraineWar GHCArmy JIN,0.0,0.0,1.0,0.0,0,"['Jhonattan', 'Vegas', 'Golf', 'Swing', 'RBC', 'Heritage', 'Leaderboard', 'httpstcoet84EaxjsG', 'YouTube', 'golf', 'pga', 'trending', 'pgatour', 'florida', 'tampa', 'JhonattanVegas', 'Elite5', 'ETH', 'Ripple', 'gem', 'iKON', 'P2E', 'doge', 'BotOfDogecoin', 'OnlyFansSupport', 'onlyfans', 'BBCA10', 'shiba', 'UkraineWar', 'GHCArmy', 'JIN']"
23,2022-04-18 10:52:16,RT cryptofqlixxx Cogecoin  Update  How I predicted getting attention day day  therefore price increasin,0.0,0.0,1.0,0.0,0,"['RT', 'cryptofqlixxx', 'Cogecoin', 'Update', 'How', 'I', 'predicted', 'getting', 'attention', 'day', 'day', 'therefore', 'price', 'increasin']"
24,2022-04-18 10:52:15,RT Elonwhale Elon musk support BabyDoge like support DOGE Do agree  Shiba Doge,0.8555,0.536,0.464,0.0,1,"['RT', 'Elonwhale', 'Elon', 'musk', 'support', 'BabyDoge', 'like', 'support', 'DOGE', 'Do', 'agree', 'Shiba', 'Doge']"
25,2022-04-18 10:52:12,VrindayV Kab doge chusAne,0.0,0.0,1.0,0.0,0,"['VrindayV', 'Kab', 'doge', 'chusAne']"
26,2022-04-18 10:52:08,giftsforhim tumblr twitter facebook instagram dogecoin socialmedia pinterest doge deal gift gifts giftideas shop shopping affiliatemarketing bitcoin15 off New Products Amazon Brands httpstcoEynvCaoEnT,0.5574,0.18,0.82,0.0,1,"['giftsforhim', 'tumblr', 'twitter', 'facebook', 'instagram', 'dogecoin', 'socialmedia', 'pinterest', 'doge', 'deal', 'gift', 'gift', 'giftideas', 'shop', 'shopping', 'affiliatemarketing', 'bitcoin15', 'New', 'Products', 'Amazon', 'Brands', 'httpstcoEynvCaoEnT']"
27,2022-04-18 10:52:07,CryptoForever1 SheebaETH ClassyCrypto ethereum ShibainuCoin AdamEShelton iambroots CWeezy87 SHEEBA WILL RISE sheebaeth SHEEBA nex100x ERC20 Ethereum Eth SHIB DOGE FLOKI crypto cryptocurrency1000xgem httpstcomON0CpkYND,0.0,0.0,1.0,0.0,0,"['CryptoForever1', 'SheebaETH', 'ClassyCrypto', 'ethereum', 'ShibainuCoin', 'AdamEShelton', 'iambroots', 'CWeezy87', 'SHEEBA', 'WILL', 'RISE', 'sheebaeth', 'SHEEBA', 'nex100x', 'ERC20', 'Ethereum', 'Eth', 'SHIB', 'DOGE', 'FLOKI', 'crypto', 'cryptocurrency1000xgem', 'httpstcomON0CpkYND']"
28,2022-04-18 10:52:06,RT DogecoinRide Would buy DOGE Tesla started accept vehicles ,0.3818,0.245,0.755,0.0,1,"['RT', 'DogecoinRide', 'Would', 'buy', 'DOGE', 'Tesla', 'started', 'accept', 'vehicle']"
29,2022-04-18 10:52:03,Dogecoin DOGE Current Price 13991h 049 24h 239 7d 61 30d1653 60d 642 90d1904 doge DOGE dogecoin,0.0,0.0,1.0,0.0,0,"['Dogecoin', 'DOGE', 'Current', 'Price', '13991h', '049', '24h', '239', '7d', '61', '30d1653', '60d', '642', '90d1904', 'doge', 'DOGE', 'dogecoin']"
30,2022-04-18 10:52:00,RT Kriptoabisi EKL ZAMANI 1 kiiye100 SOL1550 Kurallar1beni takip et 2RTamp 33 kii etiket 72 Saat Airdrop ,0.0,0.0,1.0,0.0,0,"['RT', 'Kriptoabisi', 'EKL', 'ZAMANI', '1', 'kiiye100', 'SOL1550', 'Kurallar1beni', 'takip', 'et', '2RTamp', '33', 'kii', 'etiket', '72', 'Saat', 'Airdrop']"
31,2022-04-18 10:52:00,ashwsbreal DOGE ALL DAY EVERYDAY ,0.0,0.0,1.0,0.0,0,"['ashwsbreal', 'DOGE', 'ALL', 'DAY', 'EVERYDAY']"
32,2022-04-18 10:51:58,R3musRM teslaownersSV elonmusk cbdoge Join chat  httpstcowfqYltBrYk,0.296,0.268,0.732,0.0,1,"['R3musRM', 'teslaownersSV', 'elonmusk', 'cbdoge', 'Join', 'chat', 'httpstcowfqYltBrYk']"
33,2022-04-18 10:51:53,RT Cylumfinance CERTIK AUDIT 72 COMPLETED Cylum Team constant communication CERTIK team complete review,0.0,0.0,1.0,0.0,0,"['RT', 'Cylumfinance', 'CERTIK', 'AUDIT', '72', 'COMPLETED', 'Cylum', 'Team', 'constant', 'communication', 'CERTIK', 'team', 'complete', 'review']"
34,2022-04-18 10:51:52,RT BabyDogeCoin Much WOW Binance worlds biggest respected exchange published guide buy BabyDoge http,0.824,0.389,0.611,0.0,1,"['RT', 'BabyDogeCoin', 'Much', 'WOW', 'Binance', 'world', 'biggest', 'respected', 'exchange', 'published', 'guide', 'buy', 'BabyDoge', 'http']"
35,2022-04-18 10:51:48,RT csprat1139 rad rally buythedip btc eth xrp doge icp ect snx sol mln nkn storj fil mana enj ogn bal nmr fet ach,0.0,0.0,1.0,0.0,0,"['RT', 'csprat1139', 'rad', 'rally', 'buythedip', 'btc', 'eth', 'xrp', 'doge', 'icp', 'ect', 'snx', 'sol', 'mln', 'nkn', 'storj', 'fil', 'mana', 'enj', 'ogn', 'bal', 'nmr', 'fet', 'ach']"
36,2022-04-18 10:51:46,pumpit elonmusk doge,0.0,0.0,1.0,0.0,0,"['pumpit', 'elonmusk', 'doge']"
37,2022-04-18 10:51:46,RT fisherbecker 100X POTENTIALVSDoge BUY NOW  httpstcoUPqmClnoul httpstcoGtNAU39i3n1000X,0.0,0.0,1.0,0.0,0,"['RT', 'fisherbecker', '100X', 'POTENTIALVSDoge', 'BUY', 'NOW', 'httpstcoUPqmClnoul', 'httpstcoGtNAU39i3n1000X']"
38,2022-04-18 10:51:45,RT DogeArmy4life Happy Saturday My awesome DogeDollz lovers  Theres nothing like doge twisties hot sunny beach day,0.9168,0.498,0.427,0.075,1,"['RT', 'DogeArmy4life', 'Happy', 'Saturday', 'My', 'awesome', 'DogeDollz', 'lover', 'Theres', 'nothing', 'like', 'doge', 'twisties', 'hot', 'sunny', 'beach', 'day']"
39,2022-04-18 10:51:45,httpstcoM2d9PQCDyzASweetLittleNestEgg elonmusk httpstcoWsTBMq2Uwr,0.0,0.0,1.0,0.0,0,"['httpstcoM2d9PQCDyzASweetLittleNestEgg', 'elonmusk', 'httpstcoWsTBMq2Uwr']"
40,2022-04-18 10:51:44,rad rally buythedip btc eth xrp doge icp ect snx sol mln nkn storj fil mana enj ogn bal nmr fet ach amp ankr zrx ren lrc skl celo shib spell coval jasmy xyo iotx req sand cro gala avax sol poly CryptocurrencyNews BULLISH httpstcoO3lxXiyTlf,0.0,0.0,1.0,0.0,0,"['rad', 'rally', 'buythedip', 'btc', 'eth', 'xrp', 'doge', 'icp', 'ect', 'snx', 'sol', 'mln', 'nkn', 'storj', 'fil', 'mana', 'enj', 'ogn', 'bal', 'nmr', 'fet', 'ach', 'amp', 'ankr', 'zrx', 'ren', 'lrc', 'skl', 'celo', 'shib', 'spell', 'coval', 'jasmy', 'xyo', 'iotx', 'req', 'sand', 'cro', 'gala', 'avax', 'sol', 'poly', 'CryptocurrencyNews', 'BULLISH', 'httpstcoO3lxXiyTlf']"
41,2022-04-18 10:51:44,RT Adammayer Happy Sunday guys  It time invest  Shill next 100Gem BSCGemsAlert bscgems cryptocurrency 100gems,0.5719,0.209,0.791,0.0,1,"['RT', 'Adammayer', 'Happy', 'Sunday', 'guy', 'It', 'time', 'invest', 'Shill', 'next', '100Gem', 'BSCGemsAlert', 'bscgems', 'cryptocurrency', '100gems']"
42,2022-04-18 10:51:43,ArtisanalFoley XRPOverlord dogedogenft 626SUvTX jessesacks rares3florea polgnft 9Maxii KaylaS333 IntoEmotions Iv184960791huni100 AkashMandavill4 LeoSlays catysmith daonori birdypanhaoting,0.0,0.0,1.0,0.0,0,"['ArtisanalFoley', 'XRPOverlord', 'dogedogenft', '626SUvTX', 'jessesacks', 'rares3florea', 'polgnft', '9Maxii', 'KaylaS333', 'IntoEmotions', 'Iv184960791huni100', 'AkashMandavill4', 'LeoSlays', 'catysmith', 'daonori', 'birdypanhaoting']"
43,2022-04-18 10:51:43,RT BabyDogeCoin Much WOW Binance worlds biggest respected exchange published guide buy BabyDoge http,0.824,0.389,0.611,0.0,1,"['RT', 'BabyDogeCoin', 'Much', 'WOW', 'Binance', 'world', 'biggest', 'respected', 'exchange', 'published', 'guide', 'buy', 'BabyDoge', 'http']"
44,2022-04-18 10:51:41,RT AcceptDogecoins HODL DOGE trending,0.0,0.0,1.0,0.0,0,"['RT', 'AcceptDogecoins', 'HODL', 'DOGE', 'trending']"
45,2022-04-18 10:51:41,RT fisherbecker 100X POTENTIALVSDoge BUY NOW  httpstcoUPqmClnoul httpstcoGtNAU39i3n1000X,0.0,0.0,1.0,0.0,0,"['RT', 'fisherbecker', '100X', 'POTENTIALVSDoge', 'BUY', 'NOW', 'httpstcoUPqmClnoul', 'httpstcoGtNAU39i3n1000X']"
46,2022-04-18 10:51:41,SameerHd4 RealArnab Minakshishriyan Congress ka chatne wale pakka tum Desh drohi ho tumhe Pakistan chale jana chahiye nahi pig ki tarah aabadi badha kar jahannum bana doge desh ko ,0.0,0.0,1.0,0.0,0,"['SameerHd4', 'RealArnab', 'Minakshishriyan', 'Congress', 'ka', 'chatne', 'wale', 'pakka', 'tum', 'Desh', 'drohi', 'ho', 'tumhe', 'Pakistan', 'chale', 'jana', 'chahiye', 'nahi', 'pig', 'ki', 'tarah', 'aabadi', 'badha', 'kar', 'jahannum', 'bana', 'doge', 'desh', 'ko']"
47,2022-04-18 10:51:39,RT WhaleInfos Baby Doge doo doo doo doo doo Baby Doge doo doo doo doo doo Baby Doge doo doo doo doo doo Baby Doge https,0.0,0.0,1.0,0.0,0,"['RT', 'WhaleInfos', 'Baby', 'Doge', 'doo', 'doo', 'doo', 'doo', 'doo', 'Baby', 'Doge', 'doo', 'doo', 'doo', 'doo', 'doo', 'Baby', 'Doge', 'doo', 'doo', 'doo', 'doo', 'doo', 'Baby', 'Doge', 'http']"
48,2022-04-18 10:51:39,RT Holderpatient StarlinkInu CULT CRO LTC BNB BSC ETH AVAX MATIC FTM ZIL VET VTX HQX DAO BUSD USDT CELO TRX UNI GMT,0.0,0.0,1.0,0.0,0,"['RT', 'Holderpatient', 'StarlinkInu', 'CULT', 'CRO', 'LTC', 'BNB', 'BSC', 'ETH', 'AVAX', 'MATIC', 'FTM', 'ZIL', 'VET', 'VTX', 'HQX', 'DAO', 'BUSD', 'USDT', 'CELO', 'TRX', 'UNI', 'GMT']"
49,2022-04-18 10:51:39,apayayhan enessturann sana karda bireyim yok hocambizderenmek iin dolanyoruz itekripto piyasas1 yldr iindeyizans da olacakmillet proje filan diyor ben hi kt proje duymadm D algo gibi sper proje varama doge aka coin elon musk gazlamas ne yapt geen ylans ii de nemli,0.0,0.0,1.0,0.0,0,"['apayayhan', 'enessturann', 'sana', 'karda', 'bireyim', 'yok', 'hocambizderenmek', 'iin', 'dolanyoruz', 'itekripto', 'piyasas1', 'yldr', 'iindeyizans', 'da', 'olacakmillet', 'proje', 'filan', 'diyor', 'ben', 'hi', 'kt', 'proje', 'duymadm', 'D', 'algo', 'gibi', 'sper', 'proje', 'varama', 'doge', 'aka', 'coin', 'elon', 'musk', 'gazlamas', 'ne', 'yapt', 'geen', 'ylans', 'ii', 'de', 'nemli']"
50,2022-04-18 10:51:38,RT csprat1139 rad load 5s buythedip btc eth xrp doge icp ect snx sol mln nkn storj fil mana enj ogn bal nmr fet,0.0,0.0,1.0,0.0,0,"['RT', 'csprat1139', 'rad', 'load', '5', 'buythedip', 'btc', 'eth', 'xrp', 'doge', 'icp', 'ect', 'snx', 'sol', 'mln', 'nkn', 'storj', 'fil', 'mana', 'enj', 'ogn', 'bal', 'nmr', 'fet']"
51,2022-04-18 10:51:36,RT dog1moonCEO RETWEET time McDonalds accept DOGE,0.3818,0.302,0.698,0.0,1,"['RT', 'dog1moonCEO', 'RETWEET', 'time', 'McDonalds', 'accept', 'DOGE']"
52,2022-04-18 10:51:35,RT aditiraval Ek hi dil hai kitni baar dhadkan rok doge first reply juniorbachchan  Fir SrBachchan ka quote sweet tweet Aur,0.4588,0.13,0.87,0.0,1,"['RT', 'aditiraval', 'Ek', 'hi', 'dil', 'hai', 'kitni', 'baar', 'dhadkan', 'rok', 'doge', 'first', 'reply', 'juniorbachchan', 'Fir', 'SrBachchan', 'ka', 'quote', 'sweet', 'tweet', 'Aur']"
53,2022-04-18 10:51:34,CryptoGemsCom Banccio ausminingtoken WanchorToken TitaniaToken altcoins Avalanche btc BNB BSC xrp matic ADA100x1000x GEM Crypto bitcoin Binance nft defi pay reward poll airdrop win invest market dollar token coin moon shill Solana Polygon trx Ethereum ETC doge shib amazon war stock REFLECTIONs19974,0.5994,0.179,0.718,0.103,1,"['CryptoGemsCom', 'Banccio', 'ausminingtoken', 'WanchorToken', 'TitaniaToken', 'altcoins', 'Avalanche', 'btc', 'BNB', 'BSC', 'xrp', 'matic', 'ADA100x1000x', 'GEM', 'Crypto', 'bitcoin', 'Binance', 'nft', 'defi', 'pay', 'reward', 'poll', 'airdrop', 'win', 'invest', 'market', 'dollar', 'token', 'coin', 'moon', 'shill', 'Solana', 'Polygon', 'trx', 'Ethereum', 'ETC', 'doge', 'shib', 'amazon', 'war', 'stock', 'REFLECTIONs19974']"
54,2022-04-18 10:51:32,BabyDogeReports market dump 2  000000000025 baby doge Now become wish  It takes several months hundreds thousands holders needed bring back 00000000025 CEO baby doge thief httpstcoz8MpiG1Vu,-0.5106,0.088,0.717,0.195,-1,"['BabyDogeReports', 'market', 'dump', '2', '000000000025', 'baby', 'doge', 'Now', 'become', 'wish', 'It', 'take', 'several', 'month', 'hundred', 'thousand', 'holder', 'needed', 'bring', 'back', '00000000025', 'CEO', 'baby', 'doge', 'thief', 'httpstcoz8MpiG1Vu']"
55,2022-04-18 10:51:29,RT DogeArmy4life Happy Toasty Thursday My amazing DogeDollz lovers  Whos sailing Doge pirates today  DogeArmy4li,0.8979,0.476,0.524,0.0,1,"['RT', 'DogeArmy4life', 'Happy', 'Toasty', 'Thursday', 'My', 'amazing', 'DogeDollz', 'lover', 'Whos', 'sailing', 'Doge', 'pirate', 'today', 'DogeArmy4li']"
56,2022-04-18 10:51:28,DOGE   httpstco7b1nTIBnK,0.0,0.0,1.0,0.0,0,"['DOGE', 'httpstco7b1nTIBnK']"
57,2022-04-18 10:51:28,15000000 DOGE 2097360 USD transferred unknown wallet unknown wallet Fee 187 0026 USD Tx httpstcostJsl5Hshz DogecoinWhaleAlert WhaleAlert Dogecoin CryptoNews,-0.3818,0.106,0.72,0.174,-1,"['15000000', 'DOGE', '2097360', 'USD', 'transferred', 'unknown', 'wallet', 'unknown', 'wallet', 'Fee', '187', '0026', 'USD', 'Tx', 'httpstcostJsl5Hshz', 'DogecoinWhaleAlert', 'WhaleAlert', 'Dogecoin', 'CryptoNews']"
58,2022-04-18 10:51:23,RT FarzadAhangi The real value dogecoin DOGE Doge doge dogecoin httpstcoDO9ZdFDXZZ,0.34,0.194,0.806,0.0,1,"['RT', 'FarzadAhangi', 'The', 'real', 'value', 'dogecoin', 'DOGE', 'Doge', 'doge', 'dogecoin', 'httpstcoDO9ZdFDXZZ']"
59,2022-04-18 10:51:22,RT KateMillerCZ Shill next gem 1000  BSCGems100xgem BNB ETH SOL BTC DeFi NFT Metaverse altcoinsignal cryptocurr,0.0,0.0,1.0,0.0,0,"['RT', 'KateMillerCZ', 'Shill', 'next', 'gem', '1000', 'BSCGems100xgem', 'BNB', 'ETH', 'SOL', 'BTC', 'DeFi', 'NFT', 'Metaverse', 'altcoinsignal', 'cryptocurr']"
60,2022-04-18 10:51:21,This 01 Penny Stock New Project Enhancing Solar Power Plan CLEAN ENERGY  httpstcoarld4FGENl AGTC TNXP ATOS OCGN ONTX MNKD BRQS ETH BTC DOGE httpstcoDXLis5lR5M,0.7404,0.222,0.778,0.0,1,"['This', '01', 'Penny', 'Stock', 'New', 'Project', 'Enhancing', 'Solar', 'Power', 'Plan', 'CLEAN', 'ENERGY', 'httpstcoarld4FGENl', 'AGTC', 'TNXP', 'ATOS', 'OCGN', 'ONTX', 'MNKD', 'BRQS', 'ETH', 'BTC', 'DOGE', 'httpstcoDXLis5lR5M']"
61,2022-04-18 10:51:20,RT RogerTriminio Lets learn AvenidaCrypto token avec Launching April1710 pm est PancakeSwap ada bnb eth btc cult ka,0.0,0.0,1.0,0.0,0,"['RT', 'RogerTriminio', 'Lets', 'learn', 'AvenidaCrypto', 'token', 'avec', 'Launching', 'April1710', 'pm', 'est', 'PancakeSwap', 'ada', 'bnb', 'eth', 'btc', 'cult', 'ka']"
62,2022-04-18 10:51:20,RT cryptopat1 BABYDOGE WILL FLIP DOGE AND SHIBA  BabyDogeArmy BabyDogeCoin,0.0,0.0,1.0,0.0,0,"['RT', 'cryptopat1', 'BABYDOGE', 'WILL', 'FLIP', 'DOGE', 'AND', 'SHIBA', 'BabyDogeArmy', 'BabyDogeCoin']"
63,2022-04-18 10:51:18,RT dog1moonCEO RETWEET time McDonalds accept DOGE,0.3818,0.302,0.698,0.0,1,"['RT', 'dog1moonCEO', 'RETWEET', 'time', 'McDonalds', 'accept', 'DOGE']"
64,2022-04-18 10:51:17,teslaownersSV elonmusk cbdoge He last dance ,0.0,0.0,1.0,0.0,0,"['teslaownersSV', 'elonmusk', 'cbdoge', 'He', 'last', 'dance']"
65,2022-04-18 10:51:16,RT BabyDogeCoin Much WOW Binance worlds biggest respected exchange published guide buy BabyDoge http,0.824,0.389,0.611,0.0,1,"['RT', 'BabyDogeCoin', 'Much', 'WOW', 'Binance', 'world', 'biggest', 'respected', 'exchange', 'published', 'guide', 'buy', 'BabyDoge', 'http']"
66,2022-04-18 10:51:14,dogedash Seriously important announcement launch game is I consider project even lower sales come strength,0.2732,0.265,0.529,0.206,1,"['dogedash', 'Seriously', 'important', 'announcement', 'launch', 'game', 'I', 'consider', 'project', 'even', 'lower', 'sale', 'come', 'strength']"
67,2022-04-18 10:51:13,ShytoshiKusama We know DOGE not SHIBA ,0.0,0.0,1.0,0.0,0,"['ShytoshiKusama', 'We', 'know', 'DOGE', 'SHIBA']"
68,2022-04-18 10:51:10,RT BabydogeCoin RT Gem10000 The future Baby Doge coin looks promising 2022 due strong community As data gathered fro,0.7184,0.261,0.739,0.0,1,"['RT', 'BabydogeCoin', 'RT', 'Gem10000', 'The', 'future', 'Baby', 'Doge', 'coin', 'look', 'promising', '2022', 'due', 'strong', 'community', 'As', 'data', 'gathered', 'fro']"
69,2022-04-18 10:51:10,RT alihajiarab Baby doge NFT Be happy elonmusk project growing well   BabyDogeCoin BabyDogeNFT BabyDogeFamily elon,0.7579,0.385,0.615,0.0,1,"['RT', 'alihajiarab', 'Baby', 'doge', 'NFT', 'Be', 'happy', 'elonmusk', 'project', 'growing', 'well', 'BabyDogeCoin', 'BabyDogeNFT', 'BabyDogeFamily', 'elon']"
70,2022-04-18 10:51:08,Camembertburge W doge youtooz,0.0,0.0,1.0,0.0,0,"['Camembertburge', 'W', 'doge', 'youtooz']"
71,2022-04-18 10:51:07,RT lillyvivvi Which one prefer BabyDogeCoin DOGE,0.0,0.0,1.0,0.0,0,"['RT', 'lillyvivvi', 'Which', 'one', 'prefer', 'BabyDogeCoin', 'DOGE']"
72,2022-04-18 10:51:04,httpstcoWwnvRIoqTK Guys taking Niks advise I made bundle12 NFTs 12 ETH This collection called  Low Effort Doge  fun doge PFPs,0.296,0.147,0.759,0.094,1,"['httpstcoWwnvRIoqTK', 'Guys', 'taking', 'Niks', 'advise', 'I', 'made', 'bundle12', 'NFTs', '12', 'ETH', 'This', 'collection', 'called', 'Low', 'Effort', 'Doge', 'fun', 'doge', 'PFPs']"
73,2022-04-18 10:51:03,RT dogenyclife HappyEasterSunday doge  dudes dolls dont put eggs1 basket Except dogecoin DogecoinToTheMoon,0.0,0.0,1.0,0.0,0,"['RT', 'dogenyclife', 'HappyEasterSunday', 'doge', 'dude', 'doll', 'dont', 'put', 'eggs1', 'basket', 'Except', 'dogecoin', 'DogecoinToTheMoon']"
74,2022-04-18 10:51:02,Futures Volume Spike Alert Symbol  ZIL Daily USDT Volume  5306174072 Spike USDT Volume 1189271 Follow top ROI people realtime Link profile pinned tweet EOS DUSK THETA DOGE MATIC SC SAND LIT XMR LINK,0.4588,0.114,0.886,0.0,1,"['Futures', 'Volume', 'Spike', 'Alert', 'Symbol', 'ZIL', 'Daily', 'USDT', 'Volume', '5306174072', 'Spike', 'USDT', 'Volume', '1189271', 'Follow', 'top', 'ROI', 'people', 'realtime', 'Link', 'profile', 'pinned', 'tweet', 'EOS', 'DUSK', 'THETA', 'DOGE', 'MATIC', 'SC', 'SAND', 'LIT', 'XMR', 'LINK']"
75,2022-04-18 10:51:00,RT babyhuskyinu BHI listed Pancakeswap100h UTC 27th April IF YOU HAVE MISSED DOGE DONT MISS BHI Lets countdown to,-0.2374,0.091,0.776,0.134,-1,"['RT', 'babyhuskyinu', 'BHI', 'listed', 'Pancakeswap100h', 'UTC', '27th', 'April', 'IF', 'YOU', 'HAVE', 'MISSED', 'DOGE', 'DONT', 'MISS', 'BHI', 'Lets', 'countdown']"
76,2022-04-18 10:51:00,RT avetrader   trade   1 ,0.0,0.0,1.0,0.0,0,"['RT', 'avetrader', 'trade', '1']"
77,2022-04-18 10:50:54,AMC Theatres accepts Dogecoin Shiba Inu AMC Theatres partnered Bitpay offer various crypto payment options including Dogecoin DOGE Shiba Inu SHIB The post AMC Theatres accepts Dogecoin Shiba Inu appeared first CryptoS httpstco2eyJBgElAo httpstcoM7nBHVFFoc,0.5574,0.126,0.874,0.0,1,"['AMC', 'Theatres', 'accepts', 'Dogecoin', 'Shiba', 'Inu', 'AMC', 'Theatres', 'partnered', 'Bitpay', 'offer', 'various', 'crypto', 'payment', 'option', 'including', 'Dogecoin', 'DOGE', 'Shiba', 'Inu', 'SHIB', 'The', 'post', 'AMC', 'Theatres', 'accepts', 'Dogecoin', 'Shiba', 'Inu', 'appeared', 'first', 'CryptoS', 'httpstco2eyJBgElAo', 'httpstcoM7nBHVFFoc']"
78,2022-04-18 10:50:52,dogeninja69 CryptoCannaClub100 ,0.0,0.0,1.0,0.0,0,"['dogeninja69', 'CryptoCannaClub100']"
79,2022-04-18 10:50:52,RT oldsoon Kinda like new10s  dogecoin doge DogecoinToTheMoon httpstcoseSK8HaBVg,0.2975,0.216,0.784,0.0,1,"['RT', 'oldsoon', 'Kinda', 'like', 'new10s', 'dogecoin', 'doge', 'DogecoinToTheMoon', 'httpstcoseSK8HaBVg']"
80,2022-04-18 10:50:49,RT GeometricEnergy Geometric Energy Corporation proudly announces DOG1 Mission Moon  firstever commercial lunar payloa,0.6908,0.322,0.678,0.0,1,"['RT', 'GeometricEnergy', 'Geometric', 'Energy', 'Corporation', 'proudly', 'announces', 'DOG1', 'Mission', 'Moon', 'firstever', 'commercial', 'lunar', 'payloa']"
81,2022-04-18 10:50:49,RT DarynaDogeGirl Happy Easter doge fam DOGE army Doge CEO Doge holders httpstcovYCTFUQEw8,0.5719,0.236,0.764,0.0,1,"['RT', 'DarynaDogeGirl', 'Happy', 'Easter', 'doge', 'fam', 'DOGE', 'army', 'Doge', 'CEO', 'Doge', 'holder', 'httpstcovYCTFUQEw8']"
82,2022-04-18 10:50:47, Atualizao cada hora 1 BTC  R18948429 1 ETH  R141577 1 ADA  R 430 1 XRP  R 354 1 DOGE  R 065 1 US  R 469 1 US Tur  R 493 bitcoin ethereum cardano ripplexrp dogecoin dollar,0.0,0.0,1.0,0.0,0,"['Atualizao', 'cada', 'hora', '1', 'BTC', 'R18948429', '1', 'ETH', 'R141577', '1', 'ADA', 'R', '430', '1', 'XRP', 'R', '354', '1', 'DOGE', 'R', '065', '1', 'US', 'R', '469', '1', 'US', 'Tur', 'R', '493', 'bitcoin', 'ethereum', 'cardano', 'ripplexrp', 'dogecoin', 'dollar']"
83,2022-04-18 10:50:46,RT oldsoon Dogecoin kicks ass  doge dogecoin DogecoinToTheMoon httpstcoKeEDvv0PWi,-0.5423,0.0,0.696,0.304,-1,"['RT', 'oldsoon', 'Dogecoin', 'kick', 'doge', 'dogecoin', 'DogecoinToTheMoon', 'httpstcoKeEDvv0PWi']"
84,2022-04-18 10:50:46,Price updates different crypto assets get price predictions SlothTrading BTC 3968299 AVA1385 BNB 40580 ADA 0150 DOGE 1397 New predictions every hour,0.1779,0.075,0.925,0.0,1,"['Price', 'update', 'different', 'crypto', 'asset', 'get', 'price', 'prediction', 'SlothTrading', 'BTC', '3968299', 'AVA1385', 'BNB', '40580', 'ADA', '0150', 'DOGE', '1397', 'New', 'prediction', 'every', 'hour']"
85,2022-04-18 10:50:42,RT TDogewhisperer Elon Musk shared photo Doge Easter Zoom inLook Dogecoin themed Easter eggs  So cute https,0.6901,0.275,0.725,0.0,1,"['RT', 'TDogewhisperer', 'Elon', 'Musk', 'shared', 'photo', 'Doge', 'Easter', 'Zoom', 'inLook', 'Dogecoin', 'themed', 'Easter', 'egg', 'So', 'cute', 'http']"
86,2022-04-18 10:50:41,RT GeometricEnergy Geometric Energy Corporation proudly announces DOG1 Mission Moon  firstever commercial lunar payloa,0.6908,0.322,0.678,0.0,1,"['RT', 'GeometricEnergy', 'Geometric', 'Energy', 'Corporation', 'proudly', 'announces', 'DOG1', 'Mission', 'Moon', 'firstever', 'commercial', 'lunar', 'payloa']"
87,2022-04-18 10:50:41,RT benekcj elonmusk Happy Easter Our church FirstMiamiPres started accepting Doge today DogecoinToTheMoon httpstcodDd32iG9IR,0.743,0.344,0.656,0.0,1,"['RT', 'benekcj', 'elonmusk', 'Happy', 'Easter', 'Our', 'church', 'FirstMiamiPres', 'started', 'accepting', 'Doge', 'today', 'DogecoinToTheMoon', 'httpstcodDd32iG9IR']"
88,2022-04-18 10:50:41,PPathole elonmusk Marvin needs Doge advertising,0.0,0.0,1.0,0.0,0,"['PPathole', 'elonmusk', 'Marvin', 'need', 'Doge', 'advertising']"
89,2022-04-18 10:50:39,3dhf Thanks dev kaannozsen betaverse2046 kashanimanesh JarmoKrkkine1 Dedon36887252 kthyngOoi SmartMoneyonli9 iharrow Noahjackme dogegreedy salmankfaris RayFalcutila Cesya43807394 CarlosG50957254 FarhadH83893584 crushni1 KwEkUcItIzE1,0.4404,0.132,0.868,0.0,1,"['3dhf', 'Thanks', 'dev', 'kaannozsen', 'betaverse2046', 'kashanimanesh', 'JarmoKrkkine1', 'Dedon36887252', 'kthyngOoi', 'SmartMoneyonli9', 'iharrow', 'Noahjackme', 'dogegreedy', 'salmankfaris', 'RayFalcutila', 'Cesya43807394', 'CarlosG50957254', 'FarhadH83893584', 'crushni1', 'KwEkUcItIzE1']"
90,2022-04-18 10:50:37,BUY CROBO httpstcoy5ItZdGaRH cro croki floki croge crobo dobo doge shib shibarmy httpstcoalbGJn76uM,0.0,0.0,1.0,0.0,0,"['BUY', 'CROBO', 'httpstcoy5ItZdGaRH', 'cro', 'croki', 'floki', 'croge', 'crobo', 'dobo', 'doge', 'shib', 'shibarmy', 'httpstcoalbGJn76uM']"
91,2022-04-18 10:50:36,kotobuki10 TerrayneB Lis134508 mrfreon333 RellenongB odbreezy87 luckorstrategy godfathereth drnicolem cryptodogeX leahclmoses JohnDaS1650994 HowardEnd1 SirenOlli RadiantStorm yulimundo cesarq91,0.0,0.0,1.0,0.0,0,"['kotobuki10', 'TerrayneB', 'Lis134508', 'mrfreon333', 'RellenongB', 'odbreezy87', 'luckorstrategy', 'godfathereth', 'drnicolem', 'cryptodogeX', 'leahclmoses', 'JohnDaS1650994', 'HowardEnd1', 'SirenOlli', 'RadiantStorm', 'yulimundo', 'cesarq91']"
92,2022-04-18 10:50:34,RT KateMillerCZ Shill next gem 1000  BSCGems100xgem BNB ETH SOL BTC DeFi NFT Metaverse altcoinsignal cryptocurr,0.0,0.0,1.0,0.0,0,"['RT', 'KateMillerCZ', 'Shill', 'next', 'gem', '1000', 'BSCGems100xgem', 'BNB', 'ETH', 'SOL', 'BTC', 'DeFi', 'NFT', 'Metaverse', 'altcoinsignal', 'cryptocurr']"
93,2022-04-18 10:50:34,RT BossPenguin7 ekili1 kiiye 50 nakit dll ekili Tek yapmanz gerekenler artlar  Takip AlfaNFTpromoter  RT ,0.0,0.0,1.0,0.0,0,"['RT', 'BossPenguin7', 'ekili1', 'kiiye', '50', 'nakit', 'dll', 'ekili', 'Tek', 'yapmanz', 'gerekenler', 'artlar', 'Takip', 'AlfaNFTpromoter', 'RT']"
94,2022-04-18 10:50:32,dogeexpert What big news ,0.0,0.0,1.0,0.0,0,"['dogeexpert', 'What', 'big', 'news']"
95,2022-04-18 10:50:27,elonmusk Make DOGE Rise Again Hallelujah,0.6124,0.444,0.556,0.0,1,"['elonmusk', 'Make', 'DOGE', 'Rise', 'Again', 'Hallelujah']"
96,2022-04-18 10:50:25,RT dogemom Happy Easter  doge dogecoin doge httpstcoVNtxyXpYdL,0.5719,0.346,0.654,0.0,1,"['RT', 'dogemom', 'Happy', 'Easter', 'doge', 'dogecoin', 'doge', 'httpstcoVNtxyXpYdL']"
97,2022-04-18 10:50:24,rad load 5s buythedip btc eth xrp doge icp ect snx sol mln nkn storj fil mana enj ogn bal nmr fet ach amp ankr zrx ren lrc skl celo shib spell coval jasmy xyo iotx req sand cro gala avax sol poly CryptocurrencyNews BULLISH httpstcoVd9hLPaZyd,0.0,0.0,1.0,0.0,0,"['rad', 'load', '5', 'buythedip', 'btc', 'eth', 'xrp', 'doge', 'icp', 'ect', 'snx', 'sol', 'mln', 'nkn', 'storj', 'fil', 'mana', 'enj', 'ogn', 'bal', 'nmr', 'fet', 'ach', 'amp', 'ankr', 'zrx', 'ren', 'lrc', 'skl', 'celo', 'shib', 'spell', 'coval', 'jasmy', 'xyo', 'iotx', 'req', 'sand', 'cro', 'gala', 'avax', 'sol', 'poly', 'CryptocurrencyNews', 'BULLISH', 'httpstcoVd9hLPaZyd']"
98,2022-04-18 10:50:23,RT DogecoinRise Only one Golden Egg Dogecoin DogecoinToTheMoon Easter Eggs doge Creddit SirJoshUalot httpstcoh4jtBmm9oz,0.0,0.0,1.0,0.0,0,"['RT', 'DogecoinRise', 'Only', 'one', 'Golden', 'Egg', 'Dogecoin', 'DogecoinToTheMoon', 'Easter', 'Eggs', 'doge', 'Creddit', 'SirJoshUalot', 'httpstcoh4jtBmm9oz']"
99,2022-04-18 10:50:23,RT dog1moonCEO DOGE RETWEET elonmusk httpstcodC1FW6xBu,0.0,0.0,1.0,0.0,0,"['RT', 'dog1moonCEO', 'DOGE', 'RETWEET', 'elonmusk', 'httpstcodC1FW6xBu']"
